{
  "best_params": {
    "clf__max_iter": 300,
    "clf__max_depth": 5,
    "clf__learning_rate": 0.09120108393559097,
    "clf__l2_regularization": 0.0001
  },
  "best_score_macro_f1": 0.8935140506182879
}