{
  "report": {
    "Candidate": {
      "precision": 0.8912466843501327,
      "recall": 0.7688787185354691,
      "f1-score": 0.8255528255528255,
      "support": 874.0
    },
    "False Positive": {
      "precision": 0.47107438016528924,
      "recall": 0.6333333333333333,
      "f1-score": 0.5402843601895735,
      "support": 180.0
    },
    "Planet": {
      "precision": 0.425,
      "recall": 0.6666666666666666,
      "f1-score": 0.5190839694656488,
      "support": 102.0
    },
    "accuracy": 0.7387543252595156,
    "macro avg": {
      "precision": 0.5957736881718073,
      "recall": 0.689626239511823,
      "f1-score": 0.628307051736016,
      "support": 1156.0
    },
    "weighted avg": {
      "precision": 0.7846825177783461,
      "recall": 0.7387543252595156,
      "f1-score": 0.7540924907031046,
      "support": 1156.0
    }
  },
  "confusion_matrix": [
    [
      672,
      120,
      82
    ],
    [
      56,
      114,
      10
    ],
    [
      26,
      8,
      68
    ]
  ]
}