{
  "report": {
    "Candidate": {
      "precision": 0.8828510938602682,
      "recall": 0.9065217391304348,
      "f1-score": 0.8945298534143725,
      "support": 1380.0
    },
    "False Positive": {
      "precision": 0.9555061179087876,
      "recall": 0.9051633298208641,
      "f1-score": 0.9296536796536796,
      "support": 949.0
    },
    "Planet": {
      "precision": 0.8948571428571429,
      "recall": 0.9083526682134571,
      "f1-score": 0.9015544041450777,
      "support": 862.0
    },
    "accuracy": 0.9066123472265747,
    "macro avg": {
      "precision": 0.9110714515420663,
      "recall": 0.9066792457215853,
      "f1-score": 0.9085793124043766,
      "support": 3191.0
    },
    "weighted avg": {
      "precision": 0.9077018716908387,
      "recall": 0.9066123472265747,
      "f1-score": 0.9068732171971899,
      "support": 3191.0
    }
  },
  "confusion_matrix": [
    [
      1251,
      38,
      91
    ],
    [
      89,
      859,
      1
    ],
    [
      77,
      2,
      783
    ]
  ]
}