{
  "report": {
    "Candidate": {
      "precision": 0.8844256518675123,
      "recall": 0.9094202898550725,
      "f1-score": 0.8967488388710254,
      "support": 1380.0
    },
    "False Positive": {
      "precision": 0.955406911928651,
      "recall": 0.9030558482613277,
      "f1-score": 0.9284940411700975,
      "support": 949.0
    },
    "Planet": {
      "precision": 0.8937142857142857,
      "recall": 0.9071925754060325,
      "f1-score": 0.9004029936672424,
      "support": 862.0
    },
    "accuracy": 0.9069257286117205,
    "macro avg": {
      "precision": 0.9111822831701497,
      "recall": 0.9065562378408109,
      "f1-score": 0.9085486245694551,
      "support": 3191.0
    },
    "weighted avg": {
      "precision": 0.9080445857985494,
      "recall": 0.9069257286117205,
      "f1-score": 0.9071769424172988,
      "support": 3191.0
    }
  },
  "confusion_matrix": [
    [
      1255,
      37,
      88
    ],
    [
      87,
      857,
      5
    ],
    [
      77,
      3,
      782
    ]
  ]
}